<?xml version="1.0" encoding="utf-8"?>
<Context  >

	<!--=======================================================================================================================-->
	<!-- Citizen Emigrated -->
	<!--=======================================================================================================================-->

	<Instance Name="EmigrationItem" >
		<Container Anchor="R,C" Size="80,80" Offset="0,0"  Hidden="0" ID="EmigrationContainer" ConsumeMouseButton="1" >
			<SlideAnim Anchor="L,T" Style="NotificationSlide" ID="NotificationSlide" >
				<AlphaAnim Style="NewFingerRed" />

				<Button Anchor="R,C" Size="80,80" Offset="0,0" Texture="assets\UI\Art\Notification\NotificationFrameBase.dds" ID="EmigrationButton"  Hidden="0" >

					<ShowOnMouseOver>
						<Image Anchor="C,C" Offset="0,0" Size="80,80" Texture="assets\UI\Art\Notification\NotificationFrameBase.dds" />
						<AlphaAnim  Anchor="C,C"  AnchorSide="O.O"  Offset="0,0" Size="80,80" Texture="assets\UI\Art\Notification\NotificationCityGrowthRed.dds"  Pause="0" Cycle="Bounce" Speed="1" AlphaStart="1" AlphaEnd="0" Hidden="0"/>
					</ShowOnMouseOver>
					<Image Anchor="C,C" Offset="0,0" Size="80,80" Texture="assets\UI\Art\Notification\NotificationCityGrowthRed.dds" />
					<AlphaAnim Anchor="C,C" Offset="0,0" Size="80.80"  TextureOffset="0.0" Texture="assets\UI\Art\Notification\NotificationCityGrowthRedGlow.dds"  Pause="0" Cycle="Bounce" Speed="1" AlphaStart="0" AlphaEnd="1"/>

					<Label Anchor="C,C" Offset="0,0" String="" Font="TwCenMT20" ColorSet="Beige_Black_Alpha" FontStyle="Shadow" ID="EmigrationCount" />

				</Button>
			</SlideAnim>
		</Container>
	</Instance>

	<!--=======================================================================================================================-->
	<!-- Citizen Immigrated -->
	<!--=======================================================================================================================-->
	
	<Instance Name="ImmigrationItem" >


		<Container Anchor="R,C" Size="80,80" Offset="0,0"  Hidden="0" ID="ImmigrationContainer" ConsumeMouseButton="1" >
			<SlideAnim Anchor="L,T" Style="NotificationSlide" ID="NotificationSlide" >
				<AlphaAnim Style="NewFinger" />

				<Button Anchor="R,C" Size="80,80" Offset="0,0" Texture="assets\UI\Art\Notification\NotificationFrameBase.dds" ID="ImmigrationButton"  Hidden="0" >

					<ShowOnMouseOver>
						<Image Anchor="C,C" Offset="0,0" Size="80,80" Texture="assets\UI\Art\Notification\NotificationFrameBase.dds" />
						<AlphaAnim  Anchor="C,C"  AnchorSide="O.O"  Offset="0,0" Size="80,80" Texture="assets\UI\Art\Notification\NotificationFrameGlow2.dds"  Pause="0" Cycle="Bounce" Speed="1" AlphaStart="1" AlphaEnd="0" Hidden="0"/>
					</ShowOnMouseOver>
					<Image Anchor="C,C" Offset="0,0" Size="80,80" Texture="assets\UI\Art\Notification\NotificationCityGrowth.dds" />
					<AlphaAnim Anchor="C,C" Offset="0,0" Size="80.80"  TextureOffset="0.0" Texture="assets\UI\Art\Notification\NotificationCityGrowthGlow.dds"  Pause="0" Cycle="Bounce" Speed="1" AlphaStart="0" AlphaEnd="1"/>

					<Label Anchor="C,C" Offset="0,0" String="" Font="TwCenMT20" ColorSet="Beige_Black_Alpha" FontStyle="Shadow" ID="ImmigrationCount" />

				</Button>
			</SlideAnim>
		</Container>
	</Instance>

	<!-- /Emigration mod -->

    <!--=======================================================================================================================-->
    <!-- CityState Instance -->
    <!--=======================================================================================================================-->
    <Instance Name="CityStateItem" >

        <Container Anchor="R,C" Size="80,80" Offset="0,0"  Hidden="0" ID="CityStateContainer" ConsumeMouseButton="1" >

            <SlideAnim Anchor="L,T" Style="NotificationSlide" ID="NotificationSlide" >
                <AlphaAnim Style="NewFinger" />
                <Button Anchor="R,C" Size="80,80" Offset="0,0" Texture="assets\UI\Art\Notification\NotificationFrameBase.dds" ID="CityStateButton"  Hidden="0" >

                    <ShowOnMouseOver>
                        <Image Anchor="C,C" Offset="0,0" Size="80,80" Texture="assets\UI\Art\Notification\NotificationFrameBase.dds" />
                        <AlphaAnim  Anchor="C,C"  AnchorSide="O.O"  Offset="0,0" Size="80,80" Texture="assets\UI\Art\Notification\NotificationFrameGlow2.dds"  Pause="0" Cycle="Bounce" Speed="1" AlphaStart="1" AlphaEnd="0" Hidden="0"/>
                    </ShowOnMouseOver>
                    <Image Anchor="C,C" Offset="0,0" Size="80,80" Texture="assets\UI\Art\Notification\NotificationBlack.dds" />
                    <AlphaAnim Anchor="C,C" Offset="0,0" Size="80.80"  TextureOffset="0.0" Texture="assets\UI\Art\Notification\NotificationPurple.dds"  Pause="0" Cycle="Bounce" Speed="1" AlphaStart=".3" AlphaEnd="0"/>
                    <Image Anchor="C,C" Offset="0,0" Color="Beige.255" Size="80,80" Texture="assets\UI\Art\Icons\CityState80.dds" />

                    <Image Anchor="L,B" Offset="-12,4" Size="45,45" Texture="assets\UI\Art\Notification\NotificationGeneric45.dds" >
                        <AlphaAnim Anchor="C,C" Offset="0,0" Size="45.45"  TextureOffset="0.0" Texture="assets\UI\Art\Notification\NotificationGeneric45RedGlow.dds"  Pause="0" Cycle="Bounce" Speed="1" AlphaStart="1" AlphaEnd="0"/>
                    </Image>

                    <Label Anchor="C,C" Offset="0,0" String="" Font="TwCenMT20" ColorSet="Beige_Black_Alpha" FontStyle="Shadow" ID="CityStateCount" />
                </Button>
            </SlideAnim>

        </Container>


    </Instance>


    <!--=======================================================================================================================-->
    <!-- Meet A City State  -->
    <!--=======================================================================================================================-->


    <Instance Name="MetCityStateItem" >

        <Container Anchor="R,C" Size="80,80" Offset="0,0"  Hidden="0" ID="MetCityStateContainer" ConsumeMouseButton="1" >
            <SlideAnim Anchor="L,T" Style="NotificationSlide" ID="NotificationSlide" >
                <AlphaAnim Style="NewFinger" />

                <Button Anchor="R,C" Size="80,80" Offset="0,0" Texture="assets\UI\Art\Notification\NotificationFrameBase.dds" ID="MetCityStateButton"  Hidden="0" >

                    <ShowOnMouseOver>
                        <Image Anchor="C,C" Offset="0,0" Size="80,80" Texture="assets\UI\Art\Notification\NotificationFrameBase.dds" />
                        <AlphaAnim  Anchor="C,C"  AnchorSide="O.O"  Offset="0,0" Size="80,80" Texture="assets\UI\Art\Notification\NotificationFrameGlow2.dds"  Pause="0" Cycle="Bounce" Speed="1" AlphaStart="1" AlphaEnd="0" Hidden="0"/>
                    </ShowOnMouseOver>
                    <Image Anchor="C,C" Offset="0,0" Size="80,80" Texture="assets\UI\Art\Notification\NotificationBlack.dds" />
                    <AlphaAnim Anchor="C,C" Offset="0,0" Size="80.80"  TextureOffset="0.0" Texture="assets\UI\Art\Notification\NotificationPurple.dds"  Pause="0" Cycle="Bounce" Speed="1" AlphaStart=".3" AlphaEnd="0"/>

                    <Image Anchor="C,C" Offset="0,0" Color="Beige.255" Size="80,80" Texture="assets\UI\Art\Icons\CityState80.dds" />
                </Button>
            </SlideAnim>

        </Container>

    </Instance>

    <!--=======================================================================================================================-->
    <!-- CityStateRequest -->
    <!--=======================================================================================================================-->

    <Instance Name="CityStateRequestItem" >




        <Container Anchor="R,C" Size="80,80" Offset="0,0"  Hidden="0" ID="CityStateRequestContainer" ConsumeMouseButton="1" >
            <SlideAnim Anchor="L,T" Style="NotificationSlide" ID="NotificationSlide" >
                <AlphaAnim Style="NewFinger" />

                <Button Anchor="R,C" Size="80,80" Offset="0,0" Texture="assets\UI\Art\Notification\NotificationFrameBase.dds" ID="CityStateRequest"  Hidden="0" >

                    <ShowOnMouseOver>
                        <Image Anchor="C,C" Offset="0,0" Size="80,80" Texture="assets\UI\Art\Notification\NotificationFrameBase.dds" />
                        <AlphaAnim  Anchor="C,C"  AnchorSide="O.O"  Offset="0,0" Size="80,80" Texture="assets\UI\Art\Notification\NotificationFrameGlow2.dds"  Pause="0" Cycle="Bounce" Speed="1" AlphaStart="1" AlphaEnd="0" Hidden="0"/>
                    </ShowOnMouseOver>
                    <Image Anchor="C,C" Offset="0,0" Size="80,80" Texture="assets\UI\Art\Notification\NotificationBlack.dds" />
                    <AlphaAnim Anchor="C,C" Offset="0,0" Size="80.80"  TextureOffset="0.0" Texture="assets\UI\Art\Notification\NotificationPurple.dds"  Pause="0" Cycle="Bounce" Speed="1" AlphaStart=".3" AlphaEnd="0"/>


                    <Image Anchor="C,C" Offset="0,0" Color="Beige.255" Size="80,80" Texture="assets\UI\Art\Icons\CityState80.dds" />
                    <Image Anchor="L,B" Offset="-12,4" Size="45,45" Texture="assets\UI\Art\Notification\NotificationGeneric45.dds" >
                        <AlphaAnim Anchor="C,C" Offset="0,0" Size="45.45"  TextureOffset="0.0" Texture="assets\UI\Art\Notification\NotificationGeneric45Glow.dds"  Pause="0" Cycle="Bounce" Speed="1" AlphaStart="1" AlphaEnd="0"/>
                    </Image>

                </Button>
            </SlideAnim>
        </Container>
    </Instance>


    <!--=======================================================================================================================-->
    <!-- Someone else MADE PEACE with someone  -->
    <!--=======================================================================================================================-->

    <Instance Name="PeaceOtherItem" >


      <Container Anchor="R,C" Size="80,80" Offset="0,0"  Hidden="0" ID="PeaceOtherContainer" ConsumeMouseButton="1" >
        <SlideAnim Anchor="L,T" Style="NotificationSlide" ID="NotificationSlide" >
          <AlphaAnim Style="NewFinger" />

          <Button Anchor="C,C" Size="80,80" Offset="0,0" Texture="assets\UI\Art\Notification\NotificationFrameBase.dds" ID="PeaceOtherButton"  Hidden="0" >

            <Image Anchor="C,C" Offset="0,0" Size="80,80" Texture="assets\UI\Art\Notification\NotificationFrameBase.dds" />
            <Image Anchor="C,C" Offset="0,0" Size="80,80" Texture="assets\UI\Art\Notification\NotificationOrange.dds" />
            <AlphaAnim Anchor="C,C" Offset="0,0" Size="80.80"  TextureOffset="0.0" Texture="assets\UI\Art\Notification\NotificationYellow.dds"  Pause="0" Cycle="Bounce" Speed="1" AlphaStart="0" AlphaEnd="1"/>

            <Image Size="64,64" Offset="0,0"  Anchor="C,C" Texture="assets\UI\Art\Notification\Peace.dds" />
            
            <Image Anchor="C,T" Offset="-3,-3" Size="45,45" Texture="assets\UI\Art\Notification\CivSymbolsFrame360.dds" >
              <Image ID="Civ2IconBG" Size="45.45" Anchor="C,C" Offset="0,0" TextureOffset="141,0" Texture="CivIconBGSizes.dds" />
              <Image ID="Civ2IconShadow" Size="32.32" Anchor="C,C" Offset="0,0" Texture="CivSymbolAtlas64.dds" Color="Black.128"/>
              <Image ID="Peace2Image" Size="32,32" Offset="-1,-1"  TextureOffset="160.160"   Anchor="C,C" Texture="CivSymbolsColor360.dds" />
            </Image>
            
            <Image Anchor="C,B" Offset="-3,0" Size="45,45" Texture="assets\UI\Art\Notification\CivSymbolsFrame360.dds" >
              <Image ID="Civ1IconBG" Size="45.45" Anchor="C,C" Offset="0,0" TextureOffset="32,0" Texture="CivIconBGSizes.dds" />
              <Image ID="Civ1IconShadow" Size="32.32" Anchor="C,C" Offset="0,0" Texture="CivSymbolAtlas64.dds" Color="Black.128"/>
              <Image ID="Peace1Image" Size="32,32" Offset="-1,-1"  TextureOffset="160.160"   Anchor="C,C" Texture="CivSymbolsColor360.dds" />
            </Image>

            <ShowOnMouseOver>
              <Image Anchor="C,C" Offset="0,0" Size="80,80" Texture="assets\UI\Art\Notification\NotificationFrameBase.dds" />
              <AlphaAnim  Anchor="C,C"  AnchorSide="O.O"  Offset="0,0" Size="80,80" Texture="assets\UI\Art\Notification\NotificationFrameGlow2.dds"  Pause="0" Cycle="Bounce" Speed="1" AlphaStart="1" AlphaEnd="0" Hidden="0"/>
            </ShowOnMouseOver>
            
            <Label Anchor="C,C" Offset="0,0" String="" Font="TwCenMT20" ColorSet="Beige_Black_Alpha" FontStyle="Shadow" ID="PeaceOtherCount" />
          </Button>
        </SlideAnim>
      </Container>
    </Instance>

  <!--=======================================================================================================================-->
  <!-- Someone else DECLARED WAR with someone  -->
  <!--=======================================================================================================================-->
  
  <Instance Name="WarOtherItem" >

    <Container Anchor="R,C" Size="80,80" Offset="0,0"  Hidden="0" ID="WarOtherContainer" ConsumeMouseButton="1" >
      <SlideAnim Anchor="L,T" Style="NotificationSlide" ID="NotificationSlide" >
        <AlphaAnim Style="NewFinger" />

        <Button Anchor="C,C" Size="80,80" Offset="0,0" Texture="assets\UI\Art\Notification\NotificationFrameBase.dds" ID="WarOtherButton"  Hidden="0" >

          <Image Anchor="C,C" Offset="0,0" Size="80,80" Texture="assets\UI\Art\Notification\NotificationFrameBase.dds" />
          <Image Anchor="C,C" Offset="0,0" Size="80,80" Texture="assets\UI\Art\Notification\NotificationOrange.dds" />
          <AlphaAnim Anchor="C,C" Offset="0,0" Size="80.80"  TextureOffset="0.0" Texture="assets\UI\Art\Notification\NotificationYellow.dds"  Pause="0" Cycle="Bounce" Speed="1" AlphaStart="0" AlphaEnd="1"/>

          <Image Anchor="L,C" Offset="-3,-3" Size="45,45" Texture="assets\UI\Art\Notification\CivSymbolsFrame360.dds" >
            <Image ID="Civ2IconBG" Size="45.45" Anchor="C,C" Offset="0,0" TextureOffset="141,0" Texture="CivIconBGSizes.dds" />
            <Image ID="Civ2IconShadow" Size="32.32" Anchor="C,C" Offset="0,0" Texture="CivSymbolAtlas64.dds" Color="Black.128"/>
            <Image ID="War2Image" Size="32,32" Offset="-1,-1"  TextureOffset="160.160"   Anchor="C,C" Texture="CivSymbolsColor360.dds" />
          </Image>

          <Image Anchor="R,C" Offset="-3,0" Size="45,45" Texture="assets\UI\Art\Notification\CivSymbolsFrame360.dds" >
            <Image ID="Civ1IconBG" Size="45.45" Anchor="C,C" Offset="0,0" TextureOffset="32,0" Texture="CivIconBGSizes.dds" />
            <Image ID="Civ1IconShadow" Size="32.32" Anchor="C,C" Offset="0,0" Texture="CivSymbolAtlas64.dds" Color="Black.128"/>
            <Image ID="War1Image" Size="32,32" Offset="-1,-1"  TextureOffset="160.160"   Anchor="C,C" Texture="CivSymbolsColor360.dds" />
          </Image>

          <ShowOnMouseOver>
            <Image Anchor="C,C" Offset="0,0" Size="80,80" Texture="assets\UI\Art\Notification\NotificationFrameBase.dds" />
            <AlphaAnim  Anchor="C,C"  AnchorSide="O.O"  Offset="0,0" Size="80,80" Texture="assets\UI\Art\Notification\NotificationFrameGlow2.dds"  Pause="0" Cycle="Bounce" Speed="1" AlphaStart="1" AlphaEnd="0" Hidden="0"/>
          </ShowOnMouseOver>

          <FlipAnim Size="64,64" Offset="0,0" Anchor="C,C" Columns="8" Speed="20" Pause="0" StepSize="64,64" FrameCount="31" Texture="assets\UI\Art\Notification\UnitAttackAnimation.dds" />

          <Label Anchor="C,C" Offset="0,0" String="" Font="TwCenMT20" ColorSet="Beige_Black_Alpha" FontStyle="Shadow" ID="WarOtherCount" />
        </Button>
      </SlideAnim>
    </Container>
  </Instance>

    <!--=======================================================================================================================-->
    <!-- EnemyInTerritory -->
    <!--=======================================================================================================================-->


    <Instance Name="EnemyInTerritoryItem" >

        <Container Anchor="R,C" Size="80,80" Offset="0,0"  Hidden="0" ID="EnemyInTerritoryContainer" ConsumeMouseButton="1" >
            <SlideAnim Anchor="L,T" Style="NotificationSlide" ID="NotificationSlide" >
                <AlphaAnim Style="NewFingerRed" />

                <Button Anchor="R,C" Size="80,80" Offset="0,0" Texture="assets\UI\Art\Notification\NotificationFrameBase.dds" ID="EnemyInTerritoryButton"  Hidden="0" >

                    <ShowOnMouseOver>
                        <Image Anchor="C,C" Offset="0,0" Size="80,80" Texture="assets\UI\Art\Notification\NotificationFrameBase.dds" />
                        <AlphaAnim  Anchor="C,C"  AnchorSide="O.O"  Offset="0,0" Size="80,80" Texture="assets\UI\Art\Notification\NotificationFrameGlow2.dds"  Pause="0" Cycle="Bounce" Speed="1" AlphaStart="1" AlphaEnd="0" Hidden="0"/>
                    </ShowOnMouseOver>
                    <Image Anchor="C,C" Offset="0,0" Size="80,80" Texture="assets\UI\Art\Icons\UnitPortraitsAncientMedieval640.dds" ID="UnitImage" />
                    <AlphaAnim Anchor="C,C" Offset="0,0" Size="80.80"  TextureOffset="0.0" Texture="assets\UI\Art\Notification\NotificationTargetGlow.dds"  Pause="0" Cycle="Bounce" Speed="1.4" AlphaStart="0" AlphaEnd=".6"/>

                    <Image Anchor="C,C" Offset="0,0" Size="80,80" Texture="assets\UI\Art\Notification\NotificationTarget.dds" />
                    <Label Anchor="C,C" Offset="0,0" String="" Font="TwCenMT20" ColorSet="Beige_Black_Alpha" FontStyle="Shadow" ID="EnemyInTerritoryCount" />

                </Button>

            </SlideAnim>
        </Container>
    </Instance>


    <!--=======================================================================================================================-->
    <!-- Generic Notification Item -->
    <!--=======================================================================================================================-->

    <Instance Name="GenericItem" >

        <Container Anchor="R,C" Size="80,80" Offset="0,0"  Hidden="0" ID="GenericContainer" ConsumeMouseButton="1" >
            <SlideAnim Anchor="L,T" Style="NotificationSlide" ID="NotificationSlide" >
                <AlphaAnim Style="NewFinger" />


                <Button Anchor="R,C" Size="80,80" Offset="0,0" Texture="assets\UI\Art\Notification\NotificationFrameBase.dds" ID="GenericButton"  Hidden="0" >


                    <ShowOnMouseOver>
                        <Image Anchor="C,C" Offset="0,0" Size="80,80" Texture="assets\UI\Art\Notification\NotificationFrameBase.dds" />
                        <AlphaAnim  Anchor="C,C"  AnchorSide="O.O"  Offset="0,0" Size="80,80" Texture="assets\UI\Art\Notification\NotificationFrameGlow2.dds"  Pause="0" Cycle="Bounce" Speed="1" AlphaStart="1" AlphaEnd="0" Hidden="0"/>
                    </ShowOnMouseOver>
                    <Image Anchor="C,C" Offset="0,0" Size="80,80" Texture="assets\UI\Art\Notification\NotificationGeneric.dds" />
                    <AlphaAnim Anchor="C,C" Offset="0,0" Size="80.80"  TextureOffset="0.0" Texture="assets\UI\Art\Notification\NotificationGenericGlow.dds"  Pause="0" Cycle="Bounce" Speed="1" AlphaStart="0" AlphaEnd="1"/>


                </Button>

            </SlideAnim>
        </Container>

    </Instance>



    <!--=======================================================================================================================-->
    <!-- Found Ancient Ruins 005-->
    <!--=======================================================================================================================-->

    <Instance Name="AncientRuinsItem" >

        <Container Anchor="R,C" Size="80,80" Offset="0,0"  Hidden="0" ID="AncientRuinsContainer" ConsumeMouseButton="1" >
            <SlideAnim Anchor="L,T" Style="NotificationSlide" ID="NotificationSlide" >
                <AlphaAnim Style="NewFinger" />



                <Button Anchor="C,C" Size="80,80" Offset="0,0" Texture="assets\UI\Art\Notification\NotificationFrameBase.dds" ID="AncientRuinsButton"  Hidden="0" >



                    <ShowOnMouseOver>
                        <Image Anchor="C,C" Offset="0,0" Size="80,80" Texture="assets\UI\Art\Notification\NotificationFrameBase.dds" />
                        <AlphaAnim  Anchor="C,C"  AnchorSide="O.O"  Offset="0,0" Size="80,80" Texture="assets\UI\Art\Notification\NotificationFrameGlow2.dds"  Pause="0" Cycle="Bounce" Speed="1" AlphaStart="1" AlphaEnd="0" Hidden="0"/>
                    </ShowOnMouseOver>
                    <Image Anchor="C,C" Offset="0,0" Size="80,80" Texture="assets\UI\Art\Notification\NotificationAncientRuins.dds" />
                    <AlphaAnim Anchor="C,C" Offset="0,0" Size="80.80"  TextureOffset="0.0" Texture="assets\UI\Art\Notification\NotificationAncientRuinsGlow.dds"  Pause="0" Cycle="Bounce" Speed="1" AlphaStart="0" AlphaEnd="1"/>
                    <Label Anchor="C,C" Offset="0,0" String="" Font="TwCenMT20" ColorSet="Beige_Black_Alpha" FontStyle="Shadow" ID="AncientRuinsCount" />

                </Button>
            </SlideAnim>
        </Container>


    </Instance>





    <!--=======================================================================================================================-->
    <!--Found a Barbarian Encampment 006-->
    <!--=======================================================================================================================-->
    <Instance Name="BarbarianItem" >

        <Container Anchor="R,C" Size="80,80" Offset="0,0"  Hidden="0" ID="BarbarianContainer" ConsumeMouseButton="1" >
            <SlideAnim Anchor="L,T" Style="NotificationSlide" ID="NotificationSlide" >
                <AlphaAnim Style="NewFingerRed" />
                <Button Anchor="R,C" Size="80,80" Offset="0,0" Texture="assets\UI\Art\Notification\NotificationFrameBase.dds" ID="BarbarianButton" Hidden="0" >


                    <ShowOnMouseOver>
                        <Image Anchor="C,C" Offset="0,0" Size="80,80" Texture="assets\UI\Art\Notification\NotificationFrameBase.dds" />
                        <AlphaAnim  Anchor="C,C"  AnchorSide="O.O"  Offset="0,0" Size="80,80" Texture="assets\UI\Art\Notification\NotificationFrameGlow2.dds"  Pause="0" Cycle="Bounce" Speed="1" AlphaStart="1" AlphaEnd="0" Hidden="0"/>
                    </ShowOnMouseOver>
                    <Image Anchor="C,C" Size="80,80" TextureOffset="0,0" Texture="assets\UI\Art\Notification\NotificationBarbarian.dds"  />
                    <AlphaAnim Anchor="C,C" Offset="0,0" Size="80.80"  TextureOffset="0.0" Texture="assets\UI\Art\Notification\NotificationBarbarianGlow.dds"  Pause="0" Cycle="Bounce" Speed="1" AlphaStart="0" AlphaEnd="1"/>
                    <Label Anchor="C,C" Offset="0,0" String="" Font="TwCenMT20" ColorSet="Beige_Black_Alpha" FontStyle="Shadow" ID="BarbarianCount" />

                </Button>
            </SlideAnim>
        </Container>
    </Instance>

    <!--=======================================================================================================================-->
    <!-- Buy a New Tile -->
    <!--=======================================================================================================================-->

    <Instance Name="BuyTileItem" >

        <Container Anchor="R,C" Size="80,80" Offset="0,0"  Hidden="0" ID="BuyTileContainer" ConsumeMouseButton="1" >
            <SlideAnim Anchor="L,T" Style="NotificationSlide" ID="NotificationSlide" >
                <AlphaAnim Style="NewFinger" />

                <Button Anchor="C,C" Size="80,80" Offset="0,0" Texture="assets\UI\Art\Notification\NotificationClearBase.dds" ID="BuyTileButton"  Hidden="0" >



                    <Image Anchor="C,C" Offset="0,0" Size="80,80" Texture="assets\UI\Art\Notification\NotificationTileFrame.dds" />
                    <Image Anchor="C,C" Offset="0,0" Size="80,80" Texture="assets\UI\Art\Notification\NotificationTileGlass.dds" />
                    <AlphaAnim Anchor="C,C" Offset="0,0" Size="80.80"  TextureOffset="0.0" Texture="assets\UI\Art\Notification\NotificationTileGlow.dds"  Pause="0" Cycle="Bounce" Speed="1" AlphaStart="0" AlphaEnd="1"/>
                    <FlipAnim Size="64,64" Offset="3,0" Columns="15" Anchor="C,C" Speed="20"  EndPause="2" StepSize="64,0" FrameCount="15" Texture="assets\UI\Art\Notification\NotificationTilePurchaseAni.dds" />
                    <Label Anchor="C,C" Offset="0,0" String="" Font="TwCenMT20" ColorSet="Beige_Black_Alpha" FontStyle="Shadow" ID="BuyTileCount" />

                </Button>
            </SlideAnim>
        </Container>
    </Instance>


    <!--=======================================================================================================================-->
    <!-- City is has lost 1 Citizen-->
    <!--=======================================================================================================================-->

    <Instance Name="" >
        <Container Anchor="R,C" Size="80,80" Offset="0,0"  Hidden="0" ID="CityGrowthContainer" ConsumeMouseButton="1" >
            <SlideAnim Anchor="L,T" Style="NotificationSlide" ID="NotificationSlide" >
                <AlphaAnim Style="NewFingerRed" />

                <Button Anchor="R,C" Size="80,80" Offset="0,0" Texture="assets\UI\Art\Notification\NotificationFrameBase.dds" ID="CityGrowthButton"  Hidden="0" >

                    <ShowOnMouseOver>
                        <Image Anchor="C,C" Offset="0,0" Size="80,80" Texture="assets\UI\Art\Notification\NotificationFrameBase.dds" />
                        <AlphaAnim  Anchor="C,C"  AnchorSide="O.O"  Offset="0,0" Size="80,80" Texture="assets\UI\Art\Notification\NotificationCityGrowthRed.dds"  Pause="0" Cycle="Bounce" Speed="1" AlphaStart="1" AlphaEnd="0" Hidden="0"/>
                    </ShowOnMouseOver>
                    <Image Anchor="C,C" Offset="0,0" Size="80,80" Texture="assets\UI\Art\Notification\NotificationCityGrowthRed.dds" />
                    <AlphaAnim Anchor="C,C" Offset="0,0" Size="80.80"  TextureOffset="0.0" Texture="assets\UI\Art\Notification\NotificationCityGrowthRedGlow.dds"  Pause="0" Cycle="Bounce" Speed="1" AlphaStart="0" AlphaEnd="1"/>

                    <Label Anchor="C,C" Offset="0,0" String="" Font="TwCenMT20" ColorSet="Beige_Black_Alpha" FontStyle="Shadow" ID="CityGrowthCount" />

                </Button>
            </SlideAnim>
        </Container>
    </Instance>


    <!--=======================================================================================================================-->
    <!-- City is Starving-->
    <!--=======================================================================================================================-->


    <Instance Name="StarvingItem" >
        <Container Anchor="R,C" Size="80,80" Offset="0,0"  Hidden="0" ID="StarvingContainer" ConsumeMouseButton="1" >
            <SlideAnim Anchor="L,T" Style="NotificationSlide" ID="NotificationSlide" >
                <AlphaAnim Style="NewFingerRed" />
                <Button Anchor="R,C" Size="80,80" Offset="0,0" Texture="assets\UI\Art\Notification\NotificationFrameBase.dds" ID="StarvingButton"  Hidden="0" >
                    <ShowOnMouseOver>
                        <Image Anchor="C,C" Offset="0,0" Size="80,80" Texture="assets\UI\Art\Notification\NotificationFrameBase.dds" />
                        <AlphaAnim  Anchor="C,C"  AnchorSide="O.O"  Offset="0,0" Size="80,80" Texture="assets\UI\Art\Notification\NotificationFrameGlow2.dds"  Pause="0" Cycle="Bounce" Speed="1" AlphaStart="1" AlphaEnd="0" Hidden="0"/>
                    </ShowOnMouseOver>
                    <Image Anchor="C,C" Offset="0,0" Size="80,80" Texture="assets\UI\Art\Notification\NotificationRed.dds" />
                    <AlphaAnim Anchor="C,C" Offset="0,0" Size="80.80"  TextureOffset="0.0" Texture="assets\UI\Art\Notification\NotificationCityGrowthRed.dds"  Pause="0" Cycle="Bounce" Speed="1" AlphaStart="0.5" AlphaEnd="1"/>
                    <Label Anchor="C,C" Offset="0,0" String="" Font="TwCenMT20" ColorSet="Beige_Black_Alpha" FontStyle="Shadow" ID="StarvingCount" />
                </Button>
            </SlideAnim>
        </Container>
    </Instance>

    <!--=======================================================================================================================-->
    <!-- City Has Grown 003-->
    <!--=======================================================================================================================-->
    <Instance Name="CityGrowthItem" >


        <Container Anchor="R,C" Size="80,80" Offset="0,0"  Hidden="0" ID="CityGrowthContainer" ConsumeMouseButton="1" >
            <SlideAnim Anchor="L,T" Style="NotificationSlide" ID="NotificationSlide" >
                <AlphaAnim Style="NewFinger" />

                <Button Anchor="R,C" Size="80,80" Offset="0,0" Texture="assets\UI\Art\Notification\NotificationFrameBase.dds" ID="CityGrowthButton"  Hidden="0" >



                    <ShowOnMouseOver>
                        <Image Anchor="C,C" Offset="0,0" Size="80,80" Texture="assets\UI\Art\Notification\NotificationFrameBase.dds" />
                        <AlphaAnim  Anchor="C,C"  AnchorSide="O.O"  Offset="0,0" Size="80,80" Texture="assets\UI\Art\Notification\NotificationFrameGlow2.dds"  Pause="0" Cycle="Bounce" Speed="1" AlphaStart="1" AlphaEnd="0" Hidden="0"/>
                    </ShowOnMouseOver>
                    <Image Anchor="C,C" Offset="0,0" Size="80,80" Texture="assets\UI\Art\Notification\NotificationCityGrowth.dds" />
                    <AlphaAnim Anchor="C,C" Offset="0,0" Size="80.80"  TextureOffset="0.0" Texture="assets\UI\Art\Notification\NotificationCityGrowthGlow.dds"  Pause="0" Cycle="Bounce" Speed="1" AlphaStart="0" AlphaEnd="1"/>

                    <Label Anchor="C,C" Offset="0,0" String="" Font="TwCenMT20" ColorSet="Beige_Black_Alpha" FontStyle="Shadow" ID="CityGrowthCount" />

                </Button>
            </SlideAnim>
        </Container>
    </Instance>


    <!--=======================================================================================================================-->
    <!-- City Name: Acquired a New Tile -->
    <!--=======================================================================================================================-->

    <Instance Name="CityTileItem" >



        <Container Anchor="R,C" Size="80,80" Offset="0,0"  Hidden="0" ID="CityTileContainer" ConsumeMouseButton="1" >
            <SlideAnim Anchor="L,T" Style="NotificationSlide" ID="NotificationSlide" >
                <AlphaAnim Style="NewFinger" />


                <Button Anchor="C,C" Size="80,80" Offset="0,0" Texture="assets\UI\Art\Notification\NotificationClearBase.dds" ID="CityTileButton"  Hidden="0" >



                    <Image Anchor="C,C" Offset="0,0" Size="80,80" Texture="assets\UI\Art\Notification\NotificationTileFrame.dds" />
                    <Image Anchor="C,C" Offset="0,0" Size="80,80" Texture="assets\UI\Art\Notification\NotificationTileGlass.dds" />
                    <AlphaAnim Anchor="C,C" Offset="0,0" Size="80.80"  TextureOffset="0.0" Texture="assets\UI\Art\Notification\NotificationTileGlow.dds"  Pause="0" Cycle="Bounce" Speed="1" AlphaStart="0" AlphaEnd="1"/>

                    <Label Anchor="C,C" Offset="0,0" String="" Font="TwCenMT20" ColorSet="Beige_Black_Alpha" FontStyle="Shadow" ID="CityTileCount" />

                </Button>
            </SlideAnim>
        </Container>
    </Instance>



    <!--=======================================================================================================================-->
    <!-- Wonder Built -->
    <!--=======================================================================================================================-->

    <Instance Name="WonderConstructedItem" >

        <Container Anchor="R,C" Size="80,80" Offset="0,0"  Hidden="0" ID="WonderConstructedContainer" ConsumeMouseButton="1" >
            <SlideAnim Anchor="L,T" Style="NotificationSlide" ID="NotificationSlide" >
                <AlphaAnim Style="NewFinger" />

                <Button Anchor="R,C" Size="80,80" Offset="0,0" Texture="assets\UI\Art\Notification\NotificationFrameBase.dds" ID="WonderConstructedButton"  Hidden="0" >

                    <ShowOnMouseOver>
                        <Image Anchor="C,C" Offset="0,0" Size="80,80" Texture="assets\UI\Art\Notification\NotificationFrameBase.dds" />
                        <AlphaAnim  Anchor="C,C"  AnchorSide="O.O"  Offset="0,0" Size="80,80" Texture="assets\UI\Art\Notification\NotificationFrameGlow2.dds"  Pause="0" Cycle="Bounce" Speed="1" AlphaStart="1" AlphaEnd="0" Hidden="0"/>
                    </ShowOnMouseOver>
                    <Image Anchor="C,C" Offset="0,0" Size="80,80" Texture="assets\UI\Art\Notification\NotificationYellow.dds" />
                    <AlphaAnim ID="WonderConstructedAlphaAnim" Anchor="C,C" Offset="0,-1" Size="80.80"  TextureOffset="0.80" Texture="assets\UI\Art\Notification\WonderAtlas640.dds"  Pause="0" Cycle="Bounce" Speed="1" AlphaStart=".5" AlphaEnd="1"/>
                    <Image Anchor="L,B" Offset="-12,4" Size="45,45" Texture="assets\UI\Art\Notification\CivSymbolsFrame360.dds" ID="WonderSmallCivFrame">
											<Image ID="CivIconBG" Size="45.45" Anchor="C,C" Offset="0,0" />
											<Image ID="CivIconShadow" Size="32.32" Anchor="C,C" Offset="0,0" Color="Black.128"/>
											<Image ID="CivIcon" Size="32,32" Offset="-1,-1"  Anchor="C,C" />
										</Image>
                </Button>


            </SlideAnim>
        </Container>
    </Instance>

    <!--=======================================================================================================================-->
    <!-- Project Built -->
    <!--=======================================================================================================================-->

    <Instance Name="ProjectConstructedItem" >

        <Container Anchor="R,C" Size="80,80" Offset="0,0"  Hidden="0" ID="ProjectConstructedContainer" ConsumeMouseButton="1" >
            <SlideAnim Anchor="L,T" Style="NotificationSlide" ID="NotificationSlide" >
                <AlphaAnim Style="NewFinger" />

                <Button Anchor="R,C" Size="80,80" Offset="0,0" Texture="assets\UI\Art\Notification\NotificationFrameBase.dds" ID="ProjectConstructedButton"  Hidden="0" >

                    <ShowOnMouseOver>
                        <Image Anchor="C,C" Offset="0,0" Size="80,80" Texture="assets\UI\Art\Notification\NotificationFrameBase.dds" />
                        <AlphaAnim  Anchor="C,C"  AnchorSide="O.O"  Offset="0,0" Size="80,80" Texture="assets\UI\Art\Notification\NotificationFrameGlow2.dds"  Pause="0" Cycle="Bounce" Speed="1" AlphaStart="1" AlphaEnd="0" Hidden="0"/>
                    </ShowOnMouseOver>
                    <Image Anchor="C,C" Offset="0,0" Size="80,80" Texture="assets\UI\Art\Notification\NotificationYellow.dds" />
                    <AlphaAnim ID="ProjectConstructedAlphaAnim" Anchor="C,C" Offset="0,-1" Size="80.80"  TextureOffset="0.80" Texture="assets\UI\Art\Notification\WonderAtlas640.dds"  Pause="0" Cycle="Bounce" Speed="1" AlphaStart=".5" AlphaEnd="1"/>
                    <Image Anchor="L,B" Offset="-12,4" Size="45,45" Texture="assets\UI\Art\Notification\CivSymbolsFrame360.dds" ID="ProjectSmallCivFrame">
											<Image ID="CivIconBG" Size="45.45" Anchor="C,C" Offset="0,0" />
											<Image ID="CivIconShadow" Size="32.32" Anchor="C,C" Offset="0,0" Color="Black.128"/>
											<Image ID="CivIcon" Size="32,32" Offset="-1,-1"  Anchor="C,C" />
										</Image>
                </Button>


            </SlideAnim>
        </Container>
    </Instance>

    <!--=======================================================================================================================-->
    <!-- Golden Age -->
    <!--=======================================================================================================================-->
    <Instance Name="GoldenAgeItem" >

        <Container Anchor="R,C" Size="80,80" Offset="0,0"  Hidden="0" ID="GoldenAgeContainer" ConsumeMouseButton="1" >
            <SlideAnim Anchor="L,T" Style="NotificationSlide" ID="NotificationSlide" >
                <AlphaAnim Style="NewFinger" />

                <Button Anchor="C,C" Size="80,80" Offset="0,0" Texture="assets\UI\Art\Notification\NotificationFrameBase.dds" ID="GoldenAgeButton"  Hidden="0" >

                    <ShowOnMouseOver>
                        <Image Anchor="C,C" Offset="0,0" Size="80,80" Texture="assets\UI\Art\Notification\NotificationFrameBase.dds" />
                        <AlphaAnim  Anchor="C,C"  AnchorSide="O.O"  Offset="0,0" Size="80,80" Texture="assets\UI\Art\Notification\NotificationFrameGlow2.dds"  Pause="0" Cycle="Bounce" Speed="1" AlphaStart="1" AlphaEnd="0" Hidden="0"/>
                    </ShowOnMouseOver>
                    <Image Anchor="C,C" Offset="0,0" Size="80,80" Texture="assets\UI\Art\Notification\NotificationGoldenAge.dds" />
                    <AlphaAnim Anchor="C,C" Offset="0,0" Size="80.80"  TextureOffset="0.0" Texture="assets\UI\Art\Notification\NotificationGoldenAgeGlow.dds"  Pause="0" Cycle="Bounce" Speed="1" AlphaStart="0" AlphaEnd="1"/>

                    <Label Anchor="C,C" Offset="0,0" String="" Font="TwCenMT20" ColorSet="Beige_Black_Alpha" FontStyle="Shadow" ID="GoldenAgeCount" />
                </Button>


            </SlideAnim>
        </Container>

    </Instance>

    <!--=======================================================================================================================-->
    <!-- Golden Age Complete -->
    <!--=======================================================================================================================-->
    <Instance Name="GoldenAgeComplete" >
        <Container Anchor="R,C" Size="80,80" Offset="0,0"  Hidden="0" ID="GoldenAgeCompleteContainer" ConsumeMouseButton="1" >
            <SlideAnim Anchor="L,T" Style="NotificationSlide" ID="NotificationSlide" >
                <AlphaAnim Style="NewFinger" />

                <Button Anchor="C,C" Size="80,80" Offset="0,0" Texture="assets\UI\Art\Notification\NotificationFrameBase.dds" ID="GoldenAgeButton"  Hidden="0" >

                    <ShowOnMouseOver>
                        <Image Anchor="C,C" Offset="0,0" Size="80,80" Texture="assets\UI\Art\Notification\NotificationFrameBase.dds" />
                        <AlphaAnim  Anchor="C,C"  AnchorSide="O.O"  Offset="0,0" Size="80,80" Texture="assets\UI\Art\Notification\NotificationFrameGlow2.dds"  Pause="0" Cycle="Bounce" Speed="1" AlphaStart="1" AlphaEnd="0" Hidden="0"/>
                    </ShowOnMouseOver>
                    <Image Anchor="C,C" Offset="0,0" Size="80,80" Texture="assets\UI\Art\Notification\NotificationGoldenAge.dds" />
                    <AlphaAnim Anchor="C,C" Offset="0,0" Size="80.80"  TextureOffset="0.0" Texture="assets\UI\Art\Notification\NotificationGoldenAgeGlow.dds"  Pause="0" Cycle="Bounce" Speed="1" AlphaStart="0" AlphaEnd="1"/>
                    <FlipAnim Size="64,64" Offset="0,0" Anchor="C,C" Columns="8" Speed="17" Pause="0" StepSize="64,64" FrameCount="32"  Texture="assets\UI\Art\Notification\Diplomacycheck.dds" />

                    <Label Anchor="C,C" Offset="0,0" String="" Font="TwCenMT20" ColorSet="Beige_Black_Alpha" FontStyle="Shadow" ID="GoldenAgeCount" />
                </Button>


            </SlideAnim>
        </Container>

    </Instance>

    <!--=======================================================================================================================-->
    <!-- PEACE -->
    <!--=======================================================================================================================-->



    <Instance Name="PeaceItem" >


        <Container Anchor="R,C" Size="80,80" Offset="0,0"  Hidden="0" ID="PeaceContainer" ConsumeMouseButton="1" >
            <SlideAnim Anchor="L,T" Style="NotificationSlide" ID="NotificationSlide" >
                <AlphaAnim Style="NewFinger" />

                <Button Anchor="C,C" Size="80,80" Offset="0,0" Texture="assets\UI\Art\Notification\NotificationFrameBase.dds" ID="PeaceButton"  Hidden="0" >

                    <ShowOnMouseOver>
                        <Image Anchor="C,C" Offset="0,0" Size="80,80" Texture="assets\UI\Art\Notification\NotificationFrameBase.dds" />
                        <AlphaAnim  Anchor="C,C"  AnchorSide="O.O"  Offset="0,0" Size="80,80" Texture="assets\UI\Art\Notification\NotificationFrameGlow2.dds"  Pause="0" Cycle="Bounce" Speed="1" AlphaStart="1" AlphaEnd="0" Hidden="0"/>
                    </ShowOnMouseOver>

                    <Image ID="CivIconBG" Size="80.80" Anchor="C,C" Offset="0,0" TextureOffset="141,0" Texture="CivIconBGSizes.dds" />
                    <Image ID="CivIconShadow" Size="64.64" Anchor="C,C" Offset="1,1" Texture="CivSymbolAtlas64.dds" Color="Black.128"/>
                    <Image ID="PeaceImage" Size="64,64" Offset="0,0"  TextureOffset="160.160"   Anchor="C,C" Texture="CivSymbolsColor640.dds" />

                    <Image Size="64,64" Offset="0,0"  Anchor="C,C" Texture="assets\UI\Art\Notification\Peace.dds" />

                    <Label Anchor="C,C" Offset="0,0" String="" Font="TwCenMT20" ColorSet="Beige_Black_Alpha" FontStyle="Shadow" ID="PeaceCount" />

                </Button>


            </SlideAnim>
        </Container>
    </Instance>


    <!--=======================================================================================================================-->
    <!-- War -->
    <!--=======================================================================================================================-->

    <Instance Name="WarItem" >

        <Container Anchor="R,C" Size="80,80" Offset="0,0"  Hidden="0" ID="WarContainer" ConsumeMouseButton="1" >
            <SlideAnim Anchor="L,T" Style="NotificationSlide" ID="NotificationSlide" >
                <AlphaAnim Style="NewFingerRed" />

                <Button Anchor="C,C" Size="80,80" Offset="0,0" Texture="assets\UI\Art\Notification\NotificationFrameBase.dds" ID="WarButton"  Hidden="0" >


                    <ShowOnMouseOver>
                        <Image Anchor="C,C" Offset="0,0" Size="80,80" Texture="assets\UI\Art\Notification\NotificationFrameBase.dds" />
                        <AlphaAnim  Anchor="C,C"  AnchorSide="O.O"  Offset="0,0" Size="80,80" Texture="assets\UI\Art\Notification\NotificationFrameGlow2.dds"  Pause="0" Cycle="Bounce" Speed="1" AlphaStart="1" AlphaEnd="0" Hidden="0"/>
                    </ShowOnMouseOver>
                    <Image ID="CivIconBG" Size="80.80" Anchor="C,C" Offset="0,0" TextureOffset="141,0" Texture="CivIconBGSizes.dds" />
                    <Image ID="CivIconShadow" Size="64.64" Anchor="C,C" Offset="0,0" Texture="CivSymbolAtlas64.dds" Color="Black.128"/>
                    <Image ID="WarImage" Size="64,64" Offset="-1,-1"  Anchor="C,C" Texture="CivSymbolsColor512.dds" />

                    <FlipAnim Size="64,64" Offset="0,0" Anchor="C,C" Columns="8" Speed="20" Pause="0" StepSize="64,64" FrameCount="31" Texture="assets\UI\Art\Notification\UnitAttackAnimation.dds" />

                    <Label Anchor="C,C" Offset="0,0" String="" Font="TwCenMT20" ColorSet="Beige_Black_Alpha" FontStyle="Shadow" ID="WarCount" />
                </Button>

                <!--
    <FlipAnim Size="64,64" Offset="0,0" Anchor="C,C" Columns="8" Speed="20" Pause="0" StepSize="64,64" FrameCount="31" Texture="assets\UI\Art\Notification\NotificationWar.dds" />
    -->

            </SlideAnim>
        </Container>

    </Instance>

    <!--=======================================================================================================================-->
    <!-- Victory Trophy -->
    <!--=======================================================================================================================-->

    <Instance Name="VictoryItem" >

        <Container Anchor="R,C" Size="80,80" Offset="0,0"  Hidden="0" ID="VictoryContainer" ConsumeMouseButton="1" >
            <SlideAnim Anchor="L,T" Style="NotificationSlide" ID="NotificationSlide" >
                <AlphaAnim Style="NewFinger" />
                <Button Anchor="C,C" Size="80,80" Offset="0,0" Texture="assets\UI\Art\Notification\NotificationFrameBase.dds" ID="VictoryButton"  Hidden="0" >

                    <ShowOnMouseOver>
                        <Image Anchor="C,C" Offset="0,0" Size="80,80" Texture="assets\UI\Art\Notification\NotificationFrameBase.dds" />
                        <AlphaAnim  Anchor="C,C"  AnchorSide="O.O"  Offset="0,0" Size="80,80" Texture="assets\UI\Art\Notification\NotificationFrameGlow2.dds"  Pause="0" Cycle="Bounce" Speed="1" AlphaStart="1" AlphaEnd="0" Hidden="0"/>
                    </ShowOnMouseOver>
                    <Image Anchor="C,C" Offset="0,0" Size="80,80" Texture="assets\UI\Art\Notification\NotificationOrange.dds" />
                    <AlphaAnim Anchor="C,C" Offset="0,0" Size="80.80"  TextureOffset="0.0" Texture="assets\UI\Art\Notification\NotificationYellow.dds"  Pause="0" Cycle="Bounce" Speed="1" AlphaStart=".5" AlphaEnd="1"/>
                    <FlipAnim Size="64,64" Offset="0,0" Columns="8" Anchor="C,C" Speed="16"  Pause="0" StepSize="64,64" FrameCount="30" Texture="assets\UI\Art\Notification\TrophySpin.dds" />
                    <Label Anchor="C,C" Offset="0,0" String="" Font="TwCenMT20" ColorSet="Beige_Black_Alpha" FontStyle="Shadow" ID="VictoryCount" />
                </Button>

            </SlideAnim>
        </Container>

    </Instance>

    <!--=======================================================================================================================-->
    <!-- Unit to be Promoted  -->
    <!--=======================================================================================================================-->\

    <Instance Name="UnitPromotedItem" >


        <Container ID="UnitPromotedContainer" Anchor="R,C" Size="80,80" Offset="0,0"  Hidden="0"  ConsumeMouseButton="1" >
            <SlideAnim Anchor="L,T" Style="NotificationSlide" ID="NotificationSlide" >
                <AlphaAnim Style="NewFinger" />
                <Button Anchor="R,C" Size="80,80" Offset="0,0" Texture="assets\UI\Art\Notification\NotificationFrameBase.dds" ID="UnitPromotedButton"  Hidden="0" >

                    <ShowOnMouseOver>
                        <Image Anchor="C,C" Offset="0,0" Size="80,80" Texture="assets\UI\Art\Notification\NotificationFrameBase.dds" />
                        <AlphaAnim  Anchor="C,C"  AnchorSide="O.O"  Offset="0,0" Size="80,80" Texture="assets\UI\Art\Notification\NotificationFrameGlow2.dds"  Pause="0" Cycle="Bounce" Speed="1" AlphaStart="1" AlphaEnd="0" Hidden="0"/>
                    </ShowOnMouseOver>
                    <Image Anchor="C,C" Offset="0,0" Size="80,80" Texture="assets\UI\Art\Icons\UnitPortraitsAncientMedieval640.dds" ID="UnitImage" />
                    <FlipAnim Size="64,64" Offset="0,0" Anchor="L,B" Columns="4" Speed="10" Pause=".5" StepSize="64,64" FrameCount="8" Texture="assets\UI\Art\Notification\PromotionAnimation.dds" />
                    <Label Anchor="C,C" Offset="0,0" String="" Font="TwCenMT20" ColorSet="Beige_Black_Alpha" FontStyle="Shadow" ID="UnitPromotedCount"  />
                </Button>


            </SlideAnim>
        </Container>

    </Instance>

    <!--=======================================================================================================================-->
    <!-- Unit Killed -->
    <!--=======================================================================================================================-->
    <Instance Name="UnitDiedItem" >

        <Container Anchor="R,C" Size="80,80" Offset="0,0"  Hidden="0" ID="UnitDiedContainer" ConsumeMouseButton="1" >
            <SlideAnim Anchor="L,T" Style="NotificationSlide" ID="NotificationSlide" >
                <AlphaAnim Style="NewFingerRed" />
                <Button Anchor="R,C" Size="80,80" Offset="0,0" Texture="assets\UI\Art\Notification\NotificationFrameBase.dds" ID="UnitDiedButton"  Hidden="0" >

                    <ShowOnMouseOver>
                        <Image Anchor="C,C" Offset="0,0" Size="80,80" Texture="assets\UI\Art\Notification\NotificationFrameBase.dds" />
                        <AlphaAnim  Anchor="C,C"  AnchorSide="O.O"  Offset="0,0" Size="80,80" Texture="assets\UI\Art\Notification\NotificationFrameGlow2.dds"  Pause="0" Cycle="Bounce" Speed="1" AlphaStart="1" AlphaEnd="0" Hidden="0"/>
                    </ShowOnMouseOver>
                    <Image Anchor="C,C" Offset="0,0" Size="80,80" Texture="assets\UI\Art\Icons\UnitPortraitsAncientMedieval640.dds" ID="UnitImage" />
                    <FlipAnim Size="64,64" Offset="0,0" Anchor="C,C" Columns="8" Speed="20" Pause="0" StepSize="64,64" FrameCount="31" Texture="assets\UI\Art\Notification\UnitAttackAnimation.dds" />
                    <Label Anchor="C,C" Offset="0,0" String="" Font="TwCenMT20" ColorSet="Beige_Black_Alpha" FontStyle="Shadow" ID="UnitDiedCount"  />

                </Button>

            </SlideAnim>
        </Container>

    </Instance>


    <!--=======================================================================================================================-->
    <!-- Discovered Happy Resource  -->
    <!--=======================================================================================================================-->

    <Instance Name="LuxuryResourceItem" >

        <Container Anchor="R,C" Size="80,80" Offset="0,0"  Hidden="0" ID="LuxuryResourceContainer" ConsumeMouseButton="1" >
            <SlideAnim Anchor="L,T" Style="NotificationSlide" ID="NotificationSlide" >
                <AlphaAnim Style="NewFinger" />

                <Button Anchor="C,C" Size="80,80" Offset="0,0" Texture="assets\UI\Art\Notification\NotificationFrameBase.dds" ID="LuxuryResourceButton"  Hidden="0" >
                    <ShowOnMouseOver>
                        <Image Anchor="C,C" Offset="0,0" Size="80,80" Texture="assets\UI\Art\Notification\NotificationFrameBase.dds" />
                        <AlphaAnim  Anchor="C,C"  AnchorSide="O.O"  Offset="0,0" Size="80,80" Texture="assets\UI\Art\Notification\NotificationFrameGlow2.dds"  Pause="0" Cycle="Bounce" Speed="1" AlphaStart="1" AlphaEnd="0" Hidden="0"/>
                    </ShowOnMouseOver>
                    <Image Anchor="C,C" Offset="0,0" Size="80,80" Texture="assets\UI\Art\Notification\NotificationYellow.dds" />
                    <AlphaAnim Anchor="C,C" Offset="0,0" Size="80.80"  TextureOffset="0.0" Texture="assets\UI\Art\Icons\Resources640.dds"  Pause="0" Cycle="Bounce" Speed="1" AlphaStart=".5" AlphaEnd="1"  ID="ResourceImage"/>
                    <Image Anchor="C,C" Offset="0,0" Size="80,80" Texture="assets\UI\Art\Notification\NotificationHappyFace.dds" />
                    <Label Anchor="C,C" Offset="0,0" String="" Font="TwCenMT20" ColorSet="Beige_Black_Alpha" FontStyle="Shadow" ID="LuxuryResourceCount" />
                </Button>


            </SlideAnim>
        </Container>
    </Instance>


    <!--=======================================================================================================================-->
    <!-- Discovered Strategic Resource  -->
    <!--=======================================================================================================================-->

    <Instance Name="StrategicResourceItem" >



        <Container Anchor="R,C" Size="80,80" Offset="0,0"  Hidden="0" ID="StrategicResourceContainer" ConsumeMouseButton="1" >
            <SlideAnim Anchor="L,T" Style="NotificationSlide" ID="NotificationSlide" >
                <AlphaAnim Style="NewFinger" />
                <Button Anchor="C,C" Size="80,80" Offset="0,0" Texture="assets\UI\Art\Notification\NotificationFrameBase.dds" ID="StrategicResourceButton"  Hidden="0" >

                    <ShowOnMouseOver>
                        <Image Anchor="C,C" Offset="0,0" Size="80,80" Texture="assets\UI\Art\Notification\NotificationFrameBase.dds" />
                        <AlphaAnim  Anchor="C,C"  AnchorSide="O.O"  Offset="0,0" Size="80,80" Texture="assets\UI\Art\Notification\NotificationFrameGlow2.dds"  Pause="0" Cycle="Bounce" Speed="1" AlphaStart="1" AlphaEnd="0" Hidden="0"/>
                    </ShowOnMouseOver>
                    <Image Anchor="C,C" Offset="0,0" Size="80,80" Texture="assets\UI\Art\Notification\NotificationYellow.dds" />
                    <AlphaAnim Anchor="C,C" Offset="0,0" Size="80.80"  TextureOffset="0.0" Texture="assets\UI\Art\Icons\Resources640.dds"  Pause="0" Cycle="Bounce" Speed="1" AlphaStart=".5" AlphaEnd="1"  ID="ResourceImage"/>
                    <Image Anchor="C,C" Offset="0,0" Size="80,80" Texture="assets\UI\Art\Notification\NotificationStrategic.dds" />
                    <Label Anchor="C,C" Offset="0,0" String="" Font="TwCenMT20" ColorSet="Beige_Black_Alpha" FontStyle="Shadow" ID="StrategicResourceCount" />
                </Button>


            </SlideAnim>
        </Container>
    </Instance>


    <!--=======================================================================================================================-->
    <!-- Discovered Tech  -->
    <!--=======================================================================================================================-->

    <Instance Name="TechAwardItem" >

        <Container Anchor="R,C" Size="80,80" Offset="0,0"  Hidden="0" ID="TechAwardContainer" ConsumeMouseButton="1" >
            <SlideAnim Anchor="L,T" Style="NotificationSlide" ID="NotificationSlide" >
                <AlphaAnim Style="NewFinger" />
                <Button Anchor="R,C" Size="80,80" Offset="0,0" Texture="assets\UI\Art\Notification\NotificationFrameBase.dds" ID="TechAwardButton"  Hidden="0" >

                    <ShowOnMouseOver>
                        <Image Anchor="C,C" Offset="0,0" Size="80,80" Texture="assets\UI\Art\Notification\NotificationFrameBase.dds" />
                        <AlphaAnim  Anchor="C,C"  AnchorSide="O.O"  Offset="0,0" Size="80,80" Texture="assets\UI\Art\Notification\NotificationFrameGlow2.dds"  Pause="0" Cycle="Bounce" Speed="1" AlphaStart="1" AlphaEnd="0" Hidden="0"/>
                    </ShowOnMouseOver>
                    <Image Anchor="C,C" Offset="0,0" Size="80,80" Texture="assets\UI\Art\Notification\NotificationYellow.dds" />
                    <AlphaAnim Anchor="C,C" Offset="0,-1" Size="80.80"  TextureOffset="0.0" Texture="assets\UI\Art\Icons\TechnologyAtlas640.dds"  Pause="0" Cycle="Bounce" Speed="1" AlphaStart=".5" AlphaEnd="1" ID="TechAwardImage"/>
                </Button>

            </SlideAnim>
        </Container>
    </Instance>


    <!--=======================================================================================================================-->
    <!-- Discovered Bonus Resource  -->
    <!--=======================================================================================================================-->

    <Instance Name="BonusResourceItem" >



        <Container Anchor="R,C" Size="80,80" Offset="0,0"  Hidden="0" ID="BonusResourceContainer" ConsumeMouseButton="1" >
            <SlideAnim Anchor="L,T" Style="NotificationSlide" ID="NotificationSlide" >
                <AlphaAnim Style="NewFinger" />
                <Button Anchor="C,C" Size="80,80" Offset="0,0" Texture="assets\UI\Art\Notification\NotificationFrameBase.dds" ID="BonusResourceButton"  Hidden="0" >

                    <ShowOnMouseOver>
                        <Image Anchor="C,C" Offset="0,0" Size="80,80" Texture="assets\UI\Art\Notification\NotificationFrameBase.dds" />
                        <AlphaAnim  Anchor="C,C"  AnchorSide="O.O"  Offset="0,0" Size="80,80" Texture="assets\UI\Art\Notification\NotificationFrameGlow2.dds"  Pause="0" Cycle="Bounce" Speed="1" AlphaStart="1" AlphaEnd="0" Hidden="0"/>
                    </ShowOnMouseOver>
                    <Image Anchor="C,C" Offset="0,0" Size="80,80" Texture="assets\UI\Art\Notification\NotificationYellow.dds" />
                    <AlphaAnim Anchor="C,C" Offset="0,0" Size="80.80"  TextureOffset="0.0" Texture="assets\UI\Art\Icons\Resources640.dds"  Pause="0" Cycle="Bounce" Speed="1" AlphaStart=".5" AlphaEnd="1"  ID="ResourceImage"/>
                    <Label Anchor="C,C" Offset="0,0" String="" Font="TwCenMT20" ColorSet="Beige_Black_Alpha" FontStyle="Shadow" ID="BonusResourceCount" />
                </Button>


            </SlideAnim>
        </Container>
    </Instance>


    <!--=======================================================================================================================-->
    <!-- Capital Recovered  -->
    <!--=======================================================================================================================-->

    <Instance Name="CapitalRecoveredItem" >

        <Container Anchor="R,C" Size="80,80" Offset="0,0"  Hidden="0" ID="CapitalRecoveredContainer" ConsumeMouseButton="1" >
            <SlideAnim Anchor="L,T" Style="NotificationSlide" ID="NotificationSlide" >
                <AlphaAnim Style="NewFinger" />



                <Button Anchor="C,C" Size="80,80" Offset="0,0" Texture="assets\UI\Art\Notification\NotificationFrameBase.dds" ID="CapitalRecoveredButton"  Hidden="0" >


                    <ShowOnMouseOver>
                        <Image Anchor="C,C" Offset="0,0" Size="80,80" Texture="assets\UI\Art\Notification\NotificationFrameBase.dds" />
                        <AlphaAnim  Anchor="C,C"  AnchorSide="O.O"  Offset="0,0" Size="80,80" Texture="assets\UI\Art\Notification\NotificationFrameGlow2.dds"  Pause="0" Cycle="Bounce" Speed="1" AlphaStart="1" AlphaEnd="0" Hidden="0"/>
                    </ShowOnMouseOver>
                    <Image Anchor="C,C" Offset="0,0" Size="80,80" Texture="assets\UI\Art\Notification\NotificationBlue.dds" />
                    <AlphaAnim Anchor="C,C" Offset="0,0" Size="80.80"  TextureOffset="0.0" Texture="assets\UI\Art\Notification\NotificationYellow.dds"  Pause="0" Cycle="Bounce" Speed="1" AlphaStart="0" AlphaEnd="1"/>
                    <FlipAnim Size="64,64" Offset="0,6" Anchor="C,C" Columns="8" Speed="20" Pause=".5" StepSize="64,64" FrameCount="31" Texture="assets\UI\Art\Notification\CapitalAnimation.dds" />

                    <Label Anchor="C,C" Offset="0,0" String="" Font="TwCenMT20" ColorSet="Beige_Black_Alpha" FontStyle="Shadow" ID="CapitalRecoveredCount" />
                </Button>
            </SlideAnim>
        </Container>
    </Instance>

    <!--=======================================================================================================================-->
    <!-- Capital Lost  -->
    <!--=======================================================================================================================-->

    <Instance Name="CapitalLostItem" >


        <Container Anchor="R,C" Size="80,80" Offset="0,0"  Hidden="0" ID="CapitalLostContainer" ConsumeMouseButton="1" >
            <SlideAnim Anchor="L,T" Style="NotificationSlide" ID="NotificationSlide" >
                <AlphaAnim Style="NewFingerRed" />

                <Button Anchor="C,C" Size="80,80" Offset="0,0" Texture="assets\UI\Art\Notification\NotificationFrameBase.dds" ID="CapitalLostButton"  Hidden="0" >


                    <ShowOnMouseOver>
                        <Image Anchor="C,C" Offset="0,0" Size="80,80" Texture="assets\UI\Art\Notification\NotificationFrameBase.dds" />
                        <AlphaAnim  Anchor="C,C"  AnchorSide="O.O"  Offset="0,0" Size="80,80" Texture="assets\UI\Art\Notification\NotificationFrameGlow2.dds"  Pause="0" Cycle="Bounce" Speed="1" AlphaStart="1" AlphaEnd="0" Hidden="0"/>
                    </ShowOnMouseOver>
                    <Image Anchor="C,C" Offset="0,0" Size="80,80" Texture="assets\UI\Art\Notification\NotificationYellow.dds" />
                    <AlphaAnim Anchor="C,C" Offset="0,0" Size="80.80"  TextureOffset="0.0" Texture="assets\UI\Art\Notification\NotificationRed.dds"  Pause="0" Cycle="Bounce" Speed="1" AlphaStart="0" AlphaEnd="1"/>
                    <FlipAnim Size="64,64" Offset="0,6" Anchor="C,C" Columns="8" Speed="20" Pause=".5" StepSize="64,64" FrameCount="31" Texture="assets\UI\Art\Notification\capitollost.dds" />
                    <Label Anchor="C,C" Offset="0,0" String="" Font="TwCenMT20" ColorSet="Beige_Black_Alpha" FontStyle="Shadow" ID="CapitalLostCount" />
                </Button>


            </SlideAnim>
        </Container>
    </Instance>

    <!--=======================================================================================================================-->
    <!-- Great Person  -->
    <!--=======================================================================================================================-->

    <Instance Name="GreatPersonItem" >


        <Container Anchor="R,C" Size="80,80" Offset="0,0"  Hidden="0" ID="GreatPersonContainer" ConsumeMouseButton="1" >
            <SlideAnim Anchor="L,T" Style="NotificationSlide" ID="NotificationSlide" >
                <AlphaAnim Style="NewFinger" />

                <Button Anchor="R,C" Size="80,80" Offset="0,0" Texture="assets\UI\Art\Notification\NotificationFrameBase.dds" ID="GreatPersonButton"  Hidden="0" >

                    <ShowOnMouseOver>
                        <Image Anchor="C,C" Offset="0,0" Size="80,80" Texture="assets\UI\Art\Notification\NotificationFrameBase.dds" />
                        <AlphaAnim  Anchor="C,C"  AnchorSide="O.O"  Offset="0,0" Size="80,80" Texture="assets\UI\Art\Notification\NotificationFrameGlow2.dds"  Pause="0" Cycle="Bounce" Speed="1" AlphaStart="1" AlphaEnd="0" Hidden="0"/>
                    </ShowOnMouseOver>
                    <Image Anchor="C,C" Offset="0,0" Size="80,80" Texture="assets\UI\Art\Notification\NotificationYellow.dds" />
                    <AlphaAnim Anchor="C,C" Offset="0,0" Size="80.80"  TextureOffset="0.480" Texture="assets\UI\Art\Notification\UnitPortraitsRenaissanceIndustrial640.dds"  Pause="0" Cycle="Bounce" Speed="1" AlphaStart=".5" AlphaEnd="1" ID="UnitImage"/>

                </Button>

            </SlideAnim>
        </Container>
    </Instance>



    <!--=======================================================================================================================-->
    <!-- DiplomacyVote  -->
    <!--=======================================================================================================================-->

    <Instance Name="DiplomacyVoteItem" >

        <Container Anchor="R,C" Size="80,80" Offset="0,0"  Hidden="0" ID="DiplomacyVoteContainer" ConsumeMouseButton="1" >
            <SlideAnim Anchor="L,T" Style="NotificationSlide" ID="NotificationSlide" >
                <AlphaAnim Style="NewFinger" />
                <Button Anchor="C,C" Size="80,80" Offset="0,0" Texture="assets\UI\Art\Notification\NotificationFrameBase.dds" ID="DiplomacyVoteButton"  Hidden="0" >
                    <ShowOnMouseOver>
                        <Image Anchor="C,C" Offset="0,0" Size="80,80" Texture="assets\UI\Art\Notification\NotificationFrameBase.dds" />
                        <AlphaAnim  Anchor="C,C"  AnchorSide="O.O"  Offset="0,0" Size="80,80" Texture="assets\UI\Art\Notification\NotificationFrameGlow2.dds"  Pause="0" Cycle="Bounce" Speed="1" AlphaStart="1" AlphaEnd="0" Hidden="0"/>
                    </ShowOnMouseOver>
                    <Image Anchor="C,C" Offset="0,0" Size="80,80" Texture="assets\UI\Art\Notification\NotificationOrange.dds" />
                    <AlphaAnim Anchor="C,C" Offset="0,0" Size="80.80"  TextureOffset="0.0" Texture="assets\UI\Art\Notification\NotificationYellow.dds"  Pause="0" Cycle="Bounce" Speed="1" AlphaStart=".5" AlphaEnd="1"/>
                    <FlipAnim Size="64,64" Offset="0,0" Anchor="C,C" Columns="8" Speed="12" Pause="0" StepSize="64,64" FrameCount="30"  Texture="assets\UI\Art\Notification\Diplomacy.dds" />
                    <AlphaAnim Anchor="C,C" Offset="0,0" Size="80.80"  TextureOffset="0.0" Texture="assets\UI\Art\Notification\DiplomacyVote.dds"  Pause="0" Cycle="Bounce" Speed="2" AlphaStart="0" AlphaEnd="1"/>
                </Button>
            </SlideAnim>
        </Container>
    </Instance>

    <!--=======================================================================================================================-->
    <!-- Diplomacy  -->
    <!--=======================================================================================================================-->

    <Instance Name="DiplomacyItem" >

        <Container Anchor="R,C" Size="80,80" Offset="0,0"  Hidden="0" ID="DiplomacyContainer" ConsumeMouseButton="1" >
            <SlideAnim Anchor="L,T" Style="NotificationSlide" ID="NotificationSlide" >
                <AlphaAnim Style="NewFinger" />


                <Button Anchor="C,C" Size="80,80" Offset="0,0" Texture="assets\UI\Art\Notification\NotificationFrameBase.dds" ID="DiplomacyButton"  Hidden="0" >


                    <ShowOnMouseOver>
                        <Image Anchor="C,C" Offset="0,0" Size="80,80" Texture="assets\UI\Art\Notification\NotificationFrameBase.dds" />
                        <AlphaAnim  Anchor="C,C"  AnchorSide="O.O"  Offset="0,0" Size="80,80" Texture="assets\UI\Art\Notification\NotificationFrameGlow2.dds"  Pause="0" Cycle="Bounce" Speed="1" AlphaStart="1" AlphaEnd="0" Hidden="0"/>
                    </ShowOnMouseOver>
                    <Image Anchor="C,C" Offset="0,0" Size="80,80" Texture="assets\UI\Art\Notification\NotificationOrange.dds" />
                    <AlphaAnim Anchor="C,C" Offset="0,0" Size="80.80"  TextureOffset="0.0" Texture="assets\UI\Art\Notification\NotificationYellow.dds"  Pause="0" Cycle="Bounce" Speed="1" AlphaStart=".5" AlphaEnd="1"/>

                    <FlipAnim Size="64,64" Offset="0,0" Anchor="C,C" Columns="8" Speed="12" Pause="0" StepSize="64,64" FrameCount="30"  Texture="assets\UI\Art\Notification\Diplomacy.dds" />

                </Button>

            </SlideAnim>
        </Container>
    </Instance>

    <!--=======================================================================================================================-->
    <!-- Diplomacy Check -->
    <!--=======================================================================================================================-->

    <Instance Name="DiplomacyCheckItem" >


        <Container Anchor="R,C" Size="80,80" Offset="0,0"  Hidden="0" ID="DiplomacyCheckContainer" ConsumeMouseButton="1" >
            <SlideAnim Anchor="L,T" Style="NotificationSlide" ID="NotificationSlide" >
                <AlphaAnim Style="NewFinger" />
                <Button Anchor="C,C" Size="80,80" Offset="0,0" Texture="assets\UI\Art\Notification\NotificationFrameBase.dds" ID="DiplomacyCheckButton"  Hidden="0" >



                    <ShowOnMouseOver>
                        <Image Anchor="C,C" Offset="0,0" Size="80,80" Texture="assets\UI\Art\Notification\NotificationFrameBase.dds" />
                        <AlphaAnim  Anchor="C,C"  AnchorSide="O.O"  Offset="0,0" Size="80,80" Texture="assets\UI\Art\Notification\NotificationFrameGlow2.dds"  Pause="0" Cycle="Bounce" Speed="1" AlphaStart="1" AlphaEnd="0" Hidden="0"/>
                    </ShowOnMouseOver>
                    <Image Anchor="C,C" Offset="0,0" Size="80,80" Texture="assets\UI\Art\Notification\NotificationOrange.dds" />
                    <AlphaAnim Anchor="C,C" Offset="0,0" Size="80.80"  TextureOffset="0.0" Texture="assets\UI\Art\Notification\NotificationYellow.dds"  Pause="0" Cycle="Bounce" Speed="1" AlphaStart=".5" AlphaEnd="1"/>

                    <FlipAnim Size="64,64" Offset="0,0" Anchor="C,C" Columns="8" Speed="12" Pause="0" StepSize="64,64" FrameCount="30"  Texture="assets\UI\Art\Notification\Diplomacy.dds" />
                    <FlipAnim Size="64,64" Offset="0,0" Anchor="C,C" Columns="8" Speed="17" Pause="0" StepSize="64,64" FrameCount="32"  Texture="assets\UI\Art\Notification\Diplomacycheck.dds" />

                </Button>

            </SlideAnim>
        </Container>
    </Instance>


  <!--=======================================================================================================================-->
  <!-- Diplomacy X -->
  <!--=======================================================================================================================-->

  <Instance Name="DiplomacyXItem" >


    <Container Anchor="R,C" Size="80,80" Offset="0,0"  Hidden="0" ID="DiplomacyXContainer" ConsumeMouseButton="1" >
      <SlideAnim Anchor="L,T" Style="NotificationSlide" ID="NotificationSlide" >
        <AlphaAnim Style="NewFinger" />
        <Button Anchor="C,C" Size="80,80" Offset="0,0" Texture="assets\UI\Art\Notification\NotificationFrameBase.dds" ID="DiplomacyXButton"  Hidden="0" >



          <ShowOnMouseOver>
            <Image Anchor="C,C" Offset="0,0" Size="80,80" Texture="assets\UI\Art\Notification\NotificationFrameBase.dds" />
            <AlphaAnim  Anchor="C,C"  AnchorSide="O.O"  Offset="0,0" Size="80,80" Texture="assets\UI\Art\Notification\NotificationFrameGlow2.dds"  Pause="0" Cycle="Bounce" Speed="1" AlphaStart="1" AlphaEnd="0" Hidden="0"/>
          </ShowOnMouseOver>
          <Image Anchor="C,C" Offset="0,0" Size="80,80" Texture="assets\UI\Art\Notification\NotificationOrange.dds" />
          <AlphaAnim Anchor="C,C" Offset="0,0" Size="80.80"  TextureOffset="0.0" Texture="assets\UI\Art\Notification\NotificationYellow.dds"  Pause="0" Cycle="Bounce" Speed="1" AlphaStart=".5" AlphaEnd="1"/>

          <FlipAnim Size="64,64" Offset="0,0" Anchor="C,C" Columns="8" Speed="12" Pause="0" StepSize="64,64" FrameCount="30"  Texture="assets\UI\Art\Notification\Diplomacy.dds" />
          <FlipAnim Size="64,64" Offset="0,0" Anchor="C,C" Columns="8" Speed="17" Pause="0" StepSize="64,64" FrameCount="32"  Texture="assets\UI\Art\Notification\Diplomacy_X.dds" />

        </Button>

      </SlideAnim>
    </Container>
  </Instance>

    <!--=======================================================================================================================-->
    <!-- Natural Wonder -->
    <!--=======================================================================================================================-->

    <Instance Name="NaturalWonderItem" >

        <Container Anchor="R,C" Size="80,80" Offset="0,0"  Hidden="0" ID="NaturalWonderContainer" ConsumeMouseButton="1" >
            <SlideAnim Anchor="L,T" Style="NotificationSlide" ID="NotificationSlide" >
                <AlphaAnim Style="NewFinger" />

                <Button Anchor="C,C" Size="80,80" Offset="0,0" Texture="assets\UI\Art\Notification\NotificationFrameBase.dds" ID="NaturalWonderButton"  Hidden="0" >

                    <ShowOnMouseOver>
                        <Image Anchor="C,C" Offset="0,0" Size="80,80" Texture="assets\UI\Art\Notification\NotificationFrameBase.dds" />
                        <AlphaAnim  Anchor="C,C"  AnchorSide="O.O"  Offset="0,0" Size="80,80" Texture="assets\UI\Art\Notification\NotificationFrameGlow2.dds"  Pause="0" Cycle="Bounce" Speed="1" AlphaStart="1" AlphaEnd="0" Hidden="0"/>
                    </ShowOnMouseOver>
                    <Image Anchor="C,C" Offset="0,0" Size="80,80" Texture="assets\UI\Art\Notification\NotificationNaturalWonder.dds" ID="NaturalWonderImage"/>
                    <AlphaAnim Anchor="C,C" Offset="0,0" Size="80.80"  TextureOffset="0.0" Texture="assets\UI\Art\Notification\NotificationYellow.dds"  Pause="0" Cycle="Bounce" Speed="1" AlphaStart="0" AlphaEnd="0.125" ID="NaturalWonderGlow"/>

                </Button>

            </SlideAnim>
        </Container>

    </Instance>




    <!--=======================================================================================================================-->
    <!-- New Social Policy-->
    <!--=======================================================================================================================-->

    <Instance Name="SocialPolicyItem" >


        <Container Anchor="R,C" Size="80,80" Offset="0,0"  Hidden="0" ID="SocialPolicyContainer"  ConsumeMouseButton="1" >
            <SlideAnim Anchor="L,T" Style="NotificationSlide" ID="NotificationSlide" >
                <AlphaAnim Style="NewFinger" />

                <Button Anchor="R,C" Size="80,80" Offset="0,0" Texture="assets\UI\Art\Notification\NotificationFrameBase.dds" ID="SocialPolicyButton"  Hidden="0" >



                    <ShowOnMouseOver>
                        <Image Anchor="C,C" Offset="0,0" Size="80,80" Texture="assets\UI\Art\Notification\NotificationFrameBase.dds" />
                        <AlphaAnim  Anchor="C,C"  AnchorSide="O.O"  Offset="0,0" Size="80,80" Texture="assets\UI\Art\Notification\NotificationFrameGlow2.dds"  Pause="0" Cycle="Bounce" Speed="1" AlphaStart="1" AlphaEnd="0" Hidden="0"/>
                    </ShowOnMouseOver>
                    <Image Anchor="C,C" Offset="0,0" Size="80,80" Texture="assets\UI\Art\Notification\SocialPolicy80.dds" />
                    <AlphaAnim  Anchor="C,C"  AnchorSide="O.O"  Offset="0,0" Size="80,80" Texture="assets\UI\Art\Notification\SocialPolicyActive80.dds"  Pause="0" Cycle="Bounce" Speed="1" AlphaStart="1" AlphaEnd="0" Hidden="0"/>

                    <Label Anchor="C,C" Offset="0,0" String="" Font="TwCenMT20" ColorSet="Beige_Black_Alpha" FontStyle="Shadow" ID="SocialPolicyCount" />


                </Button>



            </SlideAnim>
        </Container>
    </Instance>


    <Stack Anchor="R,B" StackGrowth="Top" Padding="0" Offset="0,246" ID="OuterStack" >

        <Stack Anchor="R,B" StackGrowth="Top" ID="BigStack" >
            <!-- Notification Production  NotificationClearBase-->
            <Button Anchor="R,C" Offset="0,0" Size="100,100" StateOffsetIncrement="0,0" Texture="assets\UI\Art\Notification\NotificationIconsFrame.dds" ID="ProductionButton" Hidden="1" ConsumeMouseOver="1" >

                <Image Anchor="C,C" Size="128,128" Texture="assets\UI\Art\Notification\NotificationIconsProduction.dds"  />
                <AlphaAnim Offset="0,0" Anchor="C,C" Size="128.128"  Texture="assets\UI\Art\Notification\NotificationProductionGlow2.dds"  Pause="0" Cycle="Bounce" Speed=".75" AlphaStart="0.6" AlphaEnd="0"/>
                <ShowOnMouseOver>
                    <Image Anchor="C,C" Offset="0,0" Size="128,128" Texture="assets\UI\Art\Notification\NotificationProductionGlow.dds"  />
                </ShowOnMouseOver>
                <Label Anchor="C,C" Offset="0,0" String="" Font="TwCenMT20" ColorSet="Beige_Black_Alpha" FontStyle="Shadow" ID="ProductionCount" />


            </Button>

            <!-- Notification Science -->
            <Button Anchor="R,C" Offset="0,0" Size="100,100" StateOffsetIncrement="0,0"  Texture="assets\UI\Art\Notification\NotificationIconsFrame.dds" ID="TechButton" Hidden="1" ConsumeMouseOver="1" >
                <ShowOnMouseOver>
                    <Image Anchor="C,C" Size="128,128" Texture="assets\UI\Art\Notification\NotificationScienceGlow.dds"  />
                </ShowOnMouseOver>
                <Image Anchor="C,C" Size="128,128" Texture="assets\UI\Art\Notification\NotificationIconsScience.dds"  />
                <AlphaAnim Offset="0,0" Anchor="C,C" Size="128.128"  TextureOffset="0.0" Texture="assets\UI\Art\Notification\NotificationScienceGlow2.dds"  Pause="0" Cycle="Bounce" Speed=".75" AlphaStart="0.6" AlphaEnd="0"/>
                <ScrollAnim  Offset="0,0"  Size="100.100" Speed=".3" Texture="assets\UI\Art\Notification\NotificationScienceBubbles.dds"  MaskTexture="assets\UI\Art\Notification\NotificationScienceMask.dds"/>
                <Label Anchor="C,C" Offset="0,0" String="" Font="TwCenMT20" ColorSet="Beige_Black_Alpha" FontStyle="Shadow" ID="ScienceCount" />
            </Button>


            <!-- Notification Free Tech -->

            <Button Anchor="R,C" Offset="0,0" Size="100,100"  Texture="assets\UI\Art\Notification\NotificationIconsFrame.dds" ID="FreeTechButton" Hidden="1" ConsumeMouseOver="1" >
                <ShowOnMouseOver>
                    <Image Anchor="C,C" Size="128,128" Texture="assets\UI\Art\Notification\NotificationScienceGlow.dds"  />
                </ShowOnMouseOver>
                <Image Anchor="C,C" Size="128,128" Texture="assets\UI\Art\Notification\NotificationIconsFreeScience.dds"  />
                <AlphaAnim Offset="0,0" Anchor="C,C" Size="128.128"  TextureOffset="0.0" Texture="assets\UI\Art\Notification\NotificationFreeScienceGlow2.dds"  Pause="0" Cycle="Bounce" Speed=".75" AlphaStart="0.6" AlphaEnd="0"/>
                <ScrollAnim  Offset="0,0"  Size="100.100" Speed=".3" Texture="assets\UI\Art\Notification\Bubbles256Orange.dds"  MaskTexture="assets\UI\Art\Notification\NotificationScienceMask.dds"/>
                <Label Anchor="C,C" Offset="0,0" String="" Font="TwCenMT20" ColorSet="Beige_Black_Alpha" FontStyle="Shadow" ID="FreeTechCount" />
            </Button>
        </Stack>


        <ScrollPanel Anchor="R,C" Offset="0,0" Vertical="1" ID="SmallScrollPanel" Hidden="0" Size="80,80" AutoScollbar="1" ConsumeMouseOver="1" >




            <ScrollBar  Offset="0,0"    Style="VertSlider"      Anchor="R,C" Length="18"  AnchorSide="o,i"    ID="ScrollBar"/>
            <UpButton   Offset="0,0"     Style="ScrollBarUp"     Anchor="R,T"             AnchorSide="o,i"    ID="UpButton"/>
            <DownButton Offset="0,0"     Style="ScrollBarDown"   Anchor="R,B"             AnchorSide="o,i"    ID="DownButton"/>
            <Stack Anchor="R,B" StackGrowth="Top" Offset="0,0" Padding="-6" ID="SmallStack" />

        </ScrollPanel>

    </Stack>


    <!-- Background Version 
    <Stack Anchor="R,B" StackGrowth="Top" Padding="0" Offset="0,246" ID="OuterStack" >

        <Grid Anchor="R,C" Offset="-10,4" Size="100,100" Padding="20,10" Style="Grid9Detail48Black" Hidden="0" ID="BigGrid" >
            <Stack Anchor="R,C" StackGrowth="Top" Padding="0" Offset="0,0" ID="BigStack" >

                <Button Anchor="R,C" Offset="0,0" Size="100,100" StateOffsetIncrement="0,0" Texture="assets\UI\Art\Notification\NotificationIconsFrame.dds" ID="ProductionButton" Hidden="1" >

                    <Image Anchor="C,C" Size="128,128" Texture="assets\UI\Art\Notification\NotificationIconsProduction.dds"  />
                    <AlphaAnim Offset="0,0" Anchor="C,C" Size="128.128"  Texture="assets\UI\Art\Notification\NotificationProductionGlow2.dds"  Pause="0" Cycle="Bounce" Speed=".75" AlphaStart="1" AlphaEnd="0"/>
                    <ShowOnMouseOver>
                        <Image Anchor="C,C" Offset="0,0" Size="128,128" Texture="assets\UI\Art\Notification\NotificationProductionGlow.dds"  />
                    </ShowOnMouseOver>
                    <Label Anchor="C,C" Offset="0,0" String="" Font="TwCenMT20" ColorSet="Beige_Black_Alpha" FontStyle="Shadow" ID="ProductionCount" />


                </Button>

                <Button Anchor="R,C" Offset="0,0" Size="100,100" StateOffsetIncrement="0,0"  Texture="assets\UI\Art\Notification\NotificationIconsFrame.dds" ID="TechButton" Hidden="1" >
                    <ShowOnMouseOver>
                        <Image Anchor="C,C" Size="128,128" Texture="assets\UI\Art\Notification\NotificationScienceGlow.dds"  />
                    </ShowOnMouseOver>
                    <Image Anchor="C,C" Size="128,128" Texture="assets\UI\Art\Notification\NotificationIconsScience.dds"  />
                    <AlphaAnim Offset="0,0" Anchor="C,C" Size="128.128"  TextureOffset="0.0" Texture="assets\UI\Art\Notification\NotificationScienceGlow2.dds"  Pause="0" Cycle="Bounce" Speed=".75" AlphaStart="1" AlphaEnd="0"/>
                    <ScrollAnim  Offset="0,0"  Size="100.100" Speed=".3" Texture="assets\UI\Art\Notification\NotificationScienceBubbles.dds"  MaskTexture="assets\UI\Art\Notification\NotificationScienceMask.dds"/>
                    <Label Anchor="C,C" Offset="0,0" String="" Font="TwCenMT20" ColorSet="Beige_Black_Alpha" FontStyle="Shadow" ID="ScienceCount" />
                </Button>


                <Button Anchor="R,C" Offset="0,0" Size="100,100"  Texture="assets\UI\Art\Notification\NotificationIconsFrame.dds" ID="FreeTechButton" Hidden="1" >
                    <ShowOnMouseOver>
                        <Image Anchor="C,C" Size="128,128" Texture="assets\UI\Art\Notification\NotificationScienceGlow.dds"  />
                    </ShowOnMouseOver>
                    <Image Anchor="C,C" Size="128,128" Texture="assets\UI\Art\Notification\NotificationIconsFreeScience.dds"  />
                    <AlphaAnim Offset="0,0" Anchor="C,C" Size="128.128"  TextureOffset="0.0" Texture="assets\UI\Art\Notification\NotificationFreeScienceGlow2.dds"  Pause="0" Cycle="Bounce" Speed=".75" AlphaStart="1" AlphaEnd="0"/>
                    <ScrollAnim  Offset="0,0"  Size="100.100" Speed=".3" Texture="assets\UI\Art\Notification\Bubbles256Orange.dds"  MaskTexture="assets\UI\Art\Notification\NotificationScienceMask.dds"/>
                    <Label Anchor="C,C" Offset="0,0" String="" Font="TwCenMT20" ColorSet="Beige_Black_Alpha" FontStyle="Shadow" ID="FreeTechCount" />
                </Button>
            </Stack>
        
        </Grid>
        <Grid Anchor="R,C" Offset="-10,4" Size="140,472" Padding="10,10" Style="Grid9Detail48Black" Hidden="0" ID="SmallGrid" >

            <ScrollPanel Anchor="R,C" Offset="32,0" Vertical="1" ID="SmallScrollPanel" Hidden="0" Size="80,282" >

                <ScrollBar Offset="-10.0" Style="VertSlider" Anchor="R,C" AnchorSide="O,I" Length="262" />
                <UpButton  Offset="-10.-10"  Style="ScrollBarUp"  Anchor="R,T" AnchorSide="O,I" />
                <DownButton Offset="-10.-10" Style="ScrollBarDown"  Anchor="R,B" AnchorSide="O,I" />

                <Stack Anchor="R,B" StackGrowth="Top" Offset="0,0" Padding="-6" ID="SmallStack" />

            </ScrollPanel>
        </Grid>
    </Stack>
    -->


</Context>
